"","Adaptability_1","Adaptability_2","Adaptability_3","Adaptability_4","Adaptability_5","Adaptability_6","Adaptability_7","Adaptability_8","Adaptability_9"
"1",5,4,5,5,4,3,4,4,5
"2",6,6,5,7,5,4,4,4,6
"3",3,4,3,3,3,3,2,2,2
"4",7,6,7,6,7,4,6,6,6
"5",4,5,4,5,3,5,6,7,3
"6",5,5,6,4,5,4,7,7,7
"7",4,5,5,4,3,5,4,3,5
"8",4,3,4,3,5,3,1,5,2
"9",5,5,5,6,6,4,5,4,5
"10",3,2,3,5,4,4,3,2,3
"11",NA,NA,NA,NA,NA,NA,NA,NA,NA
"12",5,3,6,6,5,7,2,3,5
"13",1,1,7,6,1,7,7,7,1
"14",3,2,3,2,4,3,1,2,3
"15",4,4,6,7,1,5,7,2,5
"16",1,1,2,1,1,2,3,4,3
"17",4,3,2,4,3,3,1,1,2
"18",5,5,5,4,4,3,3,2,2
"19",5,7,4,6,7,7,4,4,4
"20",6,6,7,5,6,6,3,3,4
"21",6,5,6,7,4,6,4,5,6
"22",4,4,3,3,5,5,3,3,2
"23",5,5,5,5,4,4,5,2,3
"24",5,4,5,6,5,5,7,6,7
"25",6,5,6,6,6,5,5,4,6
"26",5,6,4,4,3,5,6,5,6
"27",6,6,7,7,6,5,5,4,6
"28",5,6,6,6,5,6,2,2,5
"29",5,5,6,4,4,3,4,2,4
"30",5,6,5,4,3,2,5,5,4
"31",5,4,4,6,5,3,6,3,5
"32",3,3,4,2,3,5,4,2,3
"33",4,7,6,6,3,6,2,2,4
"34",5,5,6,5,6,5,4,3,6
"35",5,4,3,5,4,3,4,3,3
"36",6,6,6,5,6,5,1,1,3
"37",4,4,5,4,5,4,5,4,5
"38",5,5,5,4,4,4,3,3,4
"39",5,5,6,3,4,3,7,7,1
"40",4,5,5,5,4,4,4,3,4
"41",4,4,5,4,4,4,2,2,3
"42",4,3,5,4,6,4,5,4,2
"43",7,5,4,4,7,1,2,1,4
"44",6,7,6,6,6,7,6,6,6
"45",6,5,6,6,6,5,5,5,5
"46",6,6,5,6,3,6,2,3,4
"47",7,7,5,7,4,7,5,3,6
"48",3,2,4,6,3,5,6,4,6
"49",5,5,5,4,5,5,5,4,3
"50",5,5,6,6,4,4,2,3,5
"51",5,4,6,5,5,3,2,1,3
"52",6,5,5,6,5,5,4,4,4
"53",4,4,7,4,3,5,5,5,4
"54",5,3,6,5,5,7,2,2,4
"55",4,5,5,5,4,4,4,3,3
"56",7,6,7,7,6,7,2,2,4
"57",6,5,7,6,7,5,2,3,7
"58",5,4,4,6,4,3,3,4,2
"59",5,6,7,4,6,7,7,2,6
"60",5,3,4,3,3,3,2,3,5
"61",5,5,6,6,5,5,5,4,6
"62",5,4,4,6,6,7,4,6,7
"63",5,4,3,3,4,4,2,2,3
"64",6,6,6,5,6,6,6,5,6
"65",7,7,7,6,7,7,6,5,2
"66",4,5,6,6,4,5,3,4,2
"67",5,5,6,5,5,6,3,3,4
"68",4,3,4,4,5,2,5,4,5
"69",4,4,4,5,2,4,3,2,4
"70",4,4,4,4,4,4,3,4,4
"71",6,6,6,5,7,5,6,4,5
"72",5,7,6,5,7,6,5,4,6
"73",3,3,3,5,3,5,3,3,3
"74",5,5,3,7,6,4,5,3,6
"75",4,3,4,3,2,2,2,2,3
"76",6,5,5,4,4,4,4,3,4
"77",5,5,6,4,5,6,2,3,4
"78",5,4,6,5,6,5,2,2,4
"79",5,5,3,6,4,2,1,1,2
"80",3,3,4,3,2,3,2,1,2
"81",6,6,6,6,6,6,4,3,6
"82",6,5,5,4,4,4,5,4,5
"83",5,5,6,5,5,5,3,4,5
"84",5,5,5,5,5,5,3,3,3
"85",2,2,3,1,2,2,2,2,3
"86",6,7,7,5,5,4,3,3,4
"87",5,6,6,5,6,6,5,4,5
"88",5,5,5,6,6,6,4,6,6
"89",5,4,5,6,4,4,6,3,5
"90",5,6,4,4,3,4,3,5,4
"91",4,5,6,6,6,5,3,3,4
"92",5,4,5,5,4,5,2,2,3
"93",4,2,4,5,3,3,1,2,3
"94",5,4,5,4,6,6,7,6,6
"95",5,5,6,3,6,6,7,7,7
"96",6,6,5,4,6,5,3,4,5
"97",5,4,6,3,5,5,3,4,4
"98",5,4,4,6,4,4,2,4,4
"99",4,3,5,2,2,3,6,3,3
"100",4,5,5,5,4,3,6,6,5
"101",5,5,5,4,4,4,3,3,4
"102",6,6,7,7,6,6,4,5,6
"103",6,5,6,5,4,3,3,5,4
"104",3,6,2,1,7,7,5,2,5
"105",4,4,4,6,4,5,3,2,3
"106",7,5,6,6,7,4,6,3,3
"107",5,6,6,6,4,4,2,3,3
"108",6,6,5,6,6,3,3,6,6
"109",7,7,6,3,6,6,7,7,7
"110",5,5,5,5,5,4,7,5,7
"111",4,4,3,3,4,4,3,3,4
"112",6,6,6,7,6,6,4,4,5
"113",5,5,4,6,6,3,6,3,6
"114",5,6,5,4,4,5,4,3,3
"115",5,4,5,5,3,3,3,3,6
"116",6,5,5,6,5,4,2,2,3
"117",5,5,4,3,3,6,2,2,3
"118",5,5,5,6,4,7,1,1,4
"119",6,6,6,6,5,5,4,4,5
"120",6,6,6,6,6,5,5,4,5
"121",7,6,7,6,6,7,5,5,4
"122",5,4,5,4,7,6,6,5,5
"123",5,5,4,4,6,5,3,4,2
"124",5,5,4,4,5,5,5,3,5
"125",6,5,5,4,5,6,2,2,2
"126",5,5,5,6,5,4,3,3,4
"127",5,6,6,7,7,5,3,1,6
"128",2,3,2,2,2,2,3,2,3
"129",6,7,5,6,7,6,6,6,5
"130",4,5,5,4,3,3,3,5,3
"131",7,7,5,5,5,2,6,5,7
"132",5,4,5,6,6,6,2,5,7
"133",4,1,4,5,4,1,6,4,1
"134",5,4,5,6,6,5,2,6,6
"135",5,6,7,6,3,4,7,5,4
"136",6,7,4,7,6,2,1,2,1
"137",5,4,6,3,5,4,3,3,5
"138",4,5,5,4,5,4,7,3,4
"139",5,3,4,7,6,4,7,2,7
"140",4,3,4,5,3,3,4,2,5
"141",2,4,3,4,2,2,1,2,5
"142",4,5,6,5,4,3,4,6,2
"143",3,7,3,5,5,5,7,3,7
"144",3,4,4,6,7,4,1,4,4
"145",3,2,2,2,3,2,3,3,5
"146",7,3,5,4,4,4,2,5,3
"147",5,4,4,4,3,3,3,3,4
"148",5,5,5,5,5,5,6,5,5
"149",7,6,5,5,5,6,5,5,6
"150",4,3,3,2,2,3,1,3,4
"151",5,4,4,3,5,6,3,4,6
"152",6,5,5,7,4,4,4,2,5
"153",5,6,5,2,5,5,3,6,3
"154",7,5,5,4,7,4,7,7,4
"155",4,1,3,4,2,2,6,2,5
"156",5,4,4,5,6,5,3,2,6
"157",2,2,2,2,2,2,2,2,2
"158",4,3,5,5,4,5,2,3,5
"159",4,5,3,6,4,1,1,2,2
"160",1,7,7,7,7,7,7,1,1
"161",7,5,6,7,4,7,4,2,4
"162",7,3,4,6,3,4,2,5,3
"163",7,7,6,6,6,6,5,6,7
"164",3,1,4,2,5,2,4,6,7
"165",4,3,3,7,7,4,7,7,7
"166",4,4,4,4,4,4,3,3,4
"167",1,3,3,7,5,4,7,6,2
"168",4,4,2,3,6,3,1,2,2
"169",5,2,7,4,7,7,7,5,7
"170",5,6,6,5,6,3,3,3,3
"171",6,5,5,5,6,5,6,6,5
"172",NA,NA,NA,NA,NA,NA,NA,NA,NA
"173",1,1,1,1,1,1,1,1,1
"174",7,5,7,7,4,7,7,7,7
"175",5,4,4,4,4,4,5,4,4
"176",2,2,2,1,1,2,1,1,1
"177",5,6,7,3,5,2,6,2,6
"178",7,5,4,6,3,6,4,4,5
"179",6,5,5,5,5,7,6,5,5
"180",4,3,3,5,4,3,3,5,4
"181",5,1,1,5,4,3,3,4,2
"182",3,4,3,3,6,2,6,1,5
"183",7,5,6,7,7,6,3,4,2
"184",3,4,6,7,3,5,3,6,7
"185",4,5,2,4,3,4,3,4,5
"186",5,6,6,6,3,5,3,4,6
"187",5,4,4,6,6,4,5,2,6
"188",3,7,4,7,5,7,5,2,6
"189",4,5,4,7,7,6,3,3,6
"190",4,6,6,3,3,6,6,4,7
"191",6,6,6,6,5,6,7,7,6
"192",6,4,2,5,4,2,4,3,5
"193",6,6,6,5,6,6,3,2,4
"194",4,3,3,4,6,4,3,3,3
"195",5,3,4,6,6,4,7,6,7
"196",5,3,6,5,6,6,5,2,6
"197",6,5,3,3,6,4,7,3,4
"198",5,3,4,6,3,3,3,1,4
"199",5,5,7,6,7,7,5,4,4
"200",4,5,6,6,6,4,5,3,5
"201",4,4,6,6,3,4,2,3,3
"202",3,4,3,3,4,4,4,5,4
"203",6,5,3,3,4,2,3,3,4
"204",3,4,3,3,3,4,4,3,5
"205",5,6,6,6,5,5,6,6,5
"206",4,5,4,5,4,4,3,3,4
"207",6,5,4,5,5,6,5,4,3
"208",5,5,5,6,3,5,5,5,4
"209",5,6,4,6,6,1,4,4,4
"210",5,7,5,3,4,7,3,5,3
"211",5,6,3,5,3,4,6,4,3
"212",5,4,4,3,6,1,6,7,7
"213",7,6,7,5,5,5,5,6,4
"214",3,5,2,1,5,1,6,1,6
"215",6,4,4,2,6,3,7,6,3
"216",5,5,5,5,5,4,3,4,2
"217",6,6,7,3,4,5,4,2,3
"218",6,6,4,5,6,5,1,2,3
"219",7,7,7,7,7,7,1,5,7
"220",4,3,4,7,4,6,2,1,5
"221",4,3,4,3,4,2,3,3,2
"222",5,6,2,6,4,7,7,2,4
"223",4,6,3,7,5,7,6,1,4
"224",7,3,4,3,7,7,6,6,7
"225",4,3,5,6,2,4,1,3,2
"226",7,2,1,7,7,1,7,4,3
"227",5,5,4,5,6,3,6,6,5
"228",3,5,2,5,3,6,2,3,4
"229",5,4,5,4,4,7,5,4,4
"230",3,2,7,6,7,7,6,6,5
"231",4,4,2,3,5,2,4,3,3
"232",7,3,6,6,7,5,2,5,4
"233",7,7,7,7,7,7,6,7,7
"234",7,6,7,7,5,7,6,1,3
"235",3,3,3,2,3,2,3,2,2
"236",3,4,2,5,1,1,4,6,3
"237",5,5,5,5,5,5,6,5,6
"238",5,7,7,5,4,7,7,4,7
"239",3,4,7,3,2,4,2,5,4
"240",5,5,4,4,4,4,3,4,4
"241",5,4,6,4,6,5,3,4,5
"242",5,5,5,6,4,5,5,4,6
"243",3,1,7,5,7,1,1,2,7
"244",5,3,3,2,4,5,3,3,6
"245",4,4,4,5,5,4,5,4,5
"246",7,4,5,1,6,6,7,7,7
"247",1,6,4,7,1,5,4,7,5
"248",4,4,3,5,2,2,1,2,6
"249",7,4,5,3,3,4,7,7,7
"250",7,7,6,1,7,7,7,1,7
"251",3,4,4,4,3,3,5,3,4
"252",3,4,3,4,5,4,5,3,4
"253",7,5,7,7,4,6,5,4,5
"254",5,4,6,4,3,5,2,2,5
"255",5,4,4,4,3,4,3,3,3
"256",5,4,7,6,5,2,2,2,6
"257",4,4,4,3,3,4,5,4,5
"258",5,5,5,6,6,5,5,6,6
"259",7,5,5,5,5,5,5,3,7
"260",6,2,3,5,6,3,5,6,5
"261",5,5,6,6,5,4,2,4,3
"262",3,3,6,3,3,4,6,2,5
"263",7,6,7,6,7,6,3,5,5
"264",6,5,5,6,5,4,4,5,6
"265",6,6,4,6,6,4,1,2,2
"266",5,5,4,5,5,5,4,4,5
"267",5,3,4,4,4,3,3,2,3
"268",4,3,5,3,3,5,4,3,4
"269",5,5,5,4,5,6,6,4,5
"270",5,3,6,6,4,3,6,3,6
"271",6,6,6,7,6,7,6,5,6
"272",6,5,6,5,6,6,5,5,6
"273",7,6,5,7,7,5,7,7,5
"274",6,4,6,4,6,5,7,4,6
"275",4,3,4,3,5,3,2,3,2
"276",7,7,7,7,7,7,7,7,7
"277",7,6,7,7,7,7,6,7,7
"278",5,4,5,5,4,3,3,4,4
"279",4,4,4,6,6,4,4,3,4
"280",3,3,3,3,3,3,4,2,3
"281",5,7,5,4,5,6,7,6,6
"282",7,5,4,4,7,3,5,3,5
"283",6,7,7,6,7,7,7,7,7
"284",7,7,7,7,7,6,5,7,7
"285",5,5,4,6,4,3,3,2,5
"286",5,7,6,5,6,4,5,5,7
"287",5,7,7,6,7,5,7,6,7
"288",6,5,4,4,7,6,7,6,6
"289",4,3,2,3,3,5,2,2,3
"290",6,2,3,2,5,4,2,3,4
"291",6,6,5,4,6,3,2,2,4
"292",5,5,6,6,5,5,6,5,6
"293",5,4,5,4,5,4,5,4,5
"294",4,7,2,6,4,7,1,2,1
"295",4,6,4,4,4,3,6,4,4
"296",6,4,6,7,6,4,2,2,5
"297",NA,NA,NA,NA,NA,NA,NA,NA,NA
"298",3,3,3,4,3,3,2,2,3
"299",4,3,5,6,7,5,3,2,3
"300",6,6,6,6,5,6,5,5,6
"301",7,6,6,7,6,6,2,3,6
"302",6,6,6,6,7,6,3,4,5
"303",5,4,5,3,3,4,2,2,3
"304",5,3,4,4,2,5,3,1,3
"305",7,6,5,5,6,5,4,2,5
"306",4,4,3,4,4,4,2,4,4
"307",5,5,3,5,5,6,3,4,5
"308",3,5,4,2,6,4,6,3,6
"309",4,6,7,5,7,6,5,5,5
"310",5,5,5,5,5,7,7,7,7
"311",2,2,3,6,3,3,3,1,2
"312",6,5,5,6,6,6,5,6,6
"313",3,2,5,3,2,4,3,7,5
"314",NA,NA,NA,NA,NA,NA,NA,NA,NA
"315",7,7,7,7,7,7,6,7,7
"316",5,4,4,6,7,1,1,1,6
"317",5,4,4,3,3,3,3,4,4
"318",5,4,5,5,5,5,5,3,4
"319",6,3,1,5,2,3,4,2,3
"320",5,5,3,3,4,3,2,2,2
"321",2,3,1,4,1,2,3,2,1
"322",6,6,4,7,5,5,4,3,6
"323",7,5,5,4,7,6,6,6,4
"324",1,4,7,6,4,1,6,1,7
"325",5,5,7,7,6,6,6,4,7
"326",4,6,6,5,7,7,7,7,5
"327",4,4,5,6,3,6,3,3,5
"328",4,5,5,4,3,6,5,5,2
"329",5,6,5,7,5,5,7,4,7
"330",4,5,4,5,7,6,2,1,3
"331",4,4,3,5,4,2,2,2,2
"332",5,4,4,5,3,3,7,1,2
"333",2,3,4,3,5,6,3,4,5
"334",5,5,6,7,5,6,3,2,2
"335",2,3,4,5,2,3,3,2,4
"336",NA,NA,NA,NA,NA,NA,NA,NA,NA
"337",4,4,4,4,4,4,2,3,4
"338",6,6,6,4,5,5,6,5,4
"339",4,4,5,3,3,4,3,3,4
"340",5,6,6,4,4,6,5,5,5
"341",7,7,7,7,7,7,7,7,7
"342",4,7,5,3,7,2,4,6,7
"343",7,6,7,6,6,6,6,5,6
"344",4,6,6,3,2,5,6,3,4
"345",4,3,3,4,3,5,2,2,4
"346",6,6,5,7,5,3,5,6,6
"347",7,5,5,3,2,3,2,4,3
"348",7,6,7,6,7,5,6,4,7
"349",5,5,6,4,5,5,2,3,3
"350",2,2,1,1,1,4,1,1,2
"351",6,6,7,7,6,6,7,7,5
"352",3,3,3,4,2,5,5,7,6
"353",6,7,5,5,4,4,3,3,5
"354",6,6,5,5,7,5,6,7,6
"355",5,3,6,7,7,5,3,2,6
"356",7,6,6,7,4,6,5,5,5
"357",6,5,6,6,5,6,5,4,5
"358",7,6,5,5,7,7,5,7,6
"359",6,6,6,5,6,5,3,3,5
"360",3,3,2,2,3,4,3,1,3
"361",4,5,3,3,5,4,3,1,5
"362",5,4,5,6,4,4,6,2,4
"363",3,4,5,5,5,4,5,2,3
"364",4,6,3,7,5,7,5,4,4
"365",5,6,5,7,5,6,3,4,3
"366",3,2,3,4,3,2,3,3,2
"367",5,4,6,6,5,3,5,6,6
"368",4,6,4,3,5,3,4,4,5
"369",6,4,6,7,4,3,6,5,3
"370",NA,NA,NA,NA,NA,NA,NA,NA,NA
"371",5,4,5,3,3,4,4,4,5
"372",NA,NA,NA,NA,NA,NA,NA,NA,NA
"373",4,5,6,2,6,5,6,3,6
"374",NA,NA,NA,NA,NA,NA,NA,NA,NA
"375",3,4,4,3,2,4,4,3,5
"376",6,7,4,6,6,7,3,2,3
"377",6,2,4,5,6,4,2,1,4
"378",5,6,5,7,7,6,6,1,7
"379",4,4,4,4,4,4,4,3,4
"380",6,2,5,5,7,4,7,3,4
"381",6,6,6,6,6,6,3,3,2
"382",4,4,4,6,6,4,5,4,6
"383",4,4,5,3,4,5,3,3,3
"384",3,5,3,4,6,4,3,6,5
"385",4,4,5,5,4,4,4,4,5
"386",6,5,5,5,4,5,3,3,6
"387",5,4,4,5,4,5,4,4,4
"388",4,4,4,3,3,5,4,3,5
"389",4,2,3,4,2,4,2,2,2
"390",6,5,6,6,5,6,5,5,6
"391",6,5,5,4,4,6,5,4,4
"392",4,3,3,4,4,4,4,3,4
"393",5,5,7,5,5,7,4,7,7
"394",5,6,4,5,4,6,6,3,6
"395",NA,NA,NA,NA,NA,NA,NA,NA,NA
"396",NA,NA,NA,NA,NA,NA,NA,NA,NA
"397",7,7,1,4,6,5,7,7,1
"398",7,7,6,4,4,6,5,3,2
"399",5,6,4,6,5,5,1,2,3
"400",7,6,7,6,3,6,6,5,6
"401",5,6,6,7,5,3,4,5,4
"402",4,5,4,5,3,5,4,4,5
"403",5,4,5,6,4,6,5,7,6
"404",4,2,4,5,4,3,2,2,2
"405",3,4,2,4,6,3,4,2,3
"406",6,5,2,3,6,5,4,2,4
"407",5,6,5,4,4,5,4,6,3
"408",7,7,7,7,7,6,6,5,6
"409",2,3,5,2,3,6,4,3,7
"410",7,5,7,7,6,4,4,3,7
"411",3,3,2,4,3,3,4,3,5
"412",2,6,5,6,6,7,4,6,4
"413",4,5,4,6,4,3,4,5,4
"414",4,3,6,3,6,1,1,2,2
"415",4,5,5,6,5,6,2,5,6
"416",4,3,5,4,6,5,1,2,3
"417",5,6,6,5,6,6,5,7,6
"418",4,3,7,4,6,5,1,2,3
"419",5,4,4,6,4,4,4,2,3
"420",4,2,2,6,5,4,7,5,6
"421",7,6,5,7,4,4,2,2,5
"422",5,4,6,5,3,4,2,1,3
"423",5,5,5,5,5,5,2,3,5
"424",7,6,6,5,7,7,6,5,4
"425",3,3,6,4,4,4,6,6,6
"426",3,7,2,7,3,3,6,3,4
"427",4,4,4,4,4,3,5,5,4
"428",6,6,2,3,3,2,5,2,6
"429",2,4,3,4,2,2,3,3,2
"430",7,6,5,4,6,5,4,7,5
"431",6,5,4,1,6,4,6,2,3
"432",5,5,5,4,4,4,2,3,4
"433",5,3,7,6,3,7,2,3,5
"434",4,4,7,7,5,5,6,2,4
"435",6,6,6,6,6,6,7,5,5
"436",4,7,7,4,7,6,3,7,7
"437",6,6,6,4,3,5,2,3,5
"438",5,5,6,5,4,5,6,4,5
"439",5,5,7,6,6,6,4,3,5
"440",4,4,3,3,3,3,2,2,2
"441",4,4,5,5,4,4,5,6,6
"442",5,5,5,4,6,6,7,7,6
"443",5,3,6,5,4,3,7,5,5
"444",5,4,4,6,6,5,3,4,5
"445",5,4,3,2,7,2,5,6,7
"446",NA,NA,NA,NA,NA,NA,NA,NA,NA
"447",6,6,6,3,5,5,2,2,4
"448",1,1,4,6,3,4,7,2,5
"449",6,6,7,5,7,7,7,6,7
"450",2,2,3,7,7,7,2,2,7
"451",5,4,4,5,5,3,3,2,4
"452",NA,NA,NA,NA,NA,NA,NA,NA,NA
"453",NA,NA,NA,NA,NA,NA,NA,NA,NA
"454",NA,NA,NA,NA,NA,NA,NA,NA,NA
"455",5,3,4,1,2,1,1,1,1
"456",NA,NA,NA,NA,NA,NA,NA,NA,NA
"457",5,3,6,4,3,2,1,2,3
"458",5,4,6,5,5,5,4,3,6
"459",4,5,6,6,5,5,6,4,4
"460",6,7,7,6,6,6,4,6,5
"461",6,6,6,7,7,6,4,4,3
"462",2,1,4,3,6,3,2,2,4
"463",7,4,3,3,5,2,4,2,3
"464",6,6,4,6,7,7,7,5,5
"465",5,6,7,7,4,5,4,5,5
"466",5,7,3,4,5,4,5,2,6
"467",7,7,7,7,7,7,3,6,5
"468",5,5,4,6,5,4,4,2,4
"469",2,1,4,3,6,3,2,2,4
"470",6,6,4,6,7,7,7,5,5
"471",NA,NA,NA,NA,NA,NA,NA,NA,NA
"472",NA,NA,NA,NA,NA,NA,NA,NA,NA
"473",NA,NA,NA,NA,NA,NA,NA,NA,NA
"474",4,5,6,6,5,5,6,4,4
"475",NA,NA,NA,NA,NA,NA,NA,NA,NA
"476",5,5,5,6,5,4,3,3,5
"477",6,5,7,5,6,4,7,4,6
"478",1,2,2,2,1,1,2,1,2
"479",5,4,6,3,3,1,2,3,3
"480",4,6,6,5,3,3,4,5,4
"481",4,4,5,6,5,4,5,5,5
"482",6,6,6,5,6,5,3,5,5
"483",6,6,6,6,6,6,5,5,5
"484",3,3,4,3,3,3,1,1,1
"485",5,4,5,5,5,4,3,4,3
"486",4,4,4,4,4,4,3,3,4
"487",7,7,6,6,5,5,4,4,4
"488",4,5,4,4,3,4,5,5,5
"489",3,3,4,3,4,3,4,4,2
"490",5,5,5,6,7,4,2,2,5
"491",4,4,4,6,5,5,6,1,4
"492",4,4,5,3,3,5,5,2,3
"493",5,5,4,5,5,4,3,4,4
"494",4,7,5,4,6,5,7,5,7
"495",6,4,4,6,6,4,7,7,6
"496",4,2,5,4,4,5,1,1,1
"497",5,4,5,4,5,4,4,4,5
"498",5,5,7,6,6,5,6,4,5
"499",3,4,4,4,3,5,4,3,4
"500",5,5,5,4,4,4,3,2,5
"501",7,6,7,6,7,7,5,6,4
"502",5,6,5,6,5,6,3,4,6
"503",3,4,3,6,4,6,6,5,6
"504",5,5,6,5,7,3,2,3,3
"505",5,4,6,6,4,4,2,2,3
"506",3,2,3,3,3,3,2,2,2
"507",7,7,7,5,7,7,3,4,6
"508",3,4,4,3,2,3,2,3,3
"509",6,5,5,5,6,5,4,3,4
"510",5,5,5,5,5,5,2,1,2
"511",7,6,6,5,6,6,3,1,5
"512",6,5,5,4,6,5,5,6,6
"513",5,6,5,7,3,3,4,2,5
"514",5,4,6,7,5,5,5,3,7
"515",4,4,4,3,2,4,2,2,3
"516",6,7,4,5,5,5,4,3,4
"517",6,5,4,4,4,3,4,1,2
"518",5,6,6,5,4,5,6,3,1
"519",4,4,4,7,5,5,2,2,4
"520",3,5,4,2,3,5,3,1,5
"521",5,5,5,5,5,5,5,5,2
"522",NA,NA,NA,NA,NA,NA,NA,NA,NA
"523",NA,NA,NA,NA,NA,NA,NA,NA,NA
"524",NA,NA,NA,NA,NA,NA,NA,NA,NA
"525",NA,NA,NA,NA,NA,NA,NA,NA,NA
"526",NA,NA,NA,NA,NA,NA,NA,NA,NA
"527",NA,NA,NA,NA,NA,NA,NA,NA,NA
"528",NA,NA,NA,NA,NA,NA,NA,NA,NA
"529",4,4,4,3,5,4,4,6,5
"530",5,5,4,4,4,5,2,1,2
"531",5,5,4,4,5,4,5,3,3
"532",6,5,5,6,5,6,4,3,5
"533",5,5,5,6,6,6,5,5,6
"534",6,6,6,5,5,5,5,4,5
"535",3,3,3,4,4,3,2,2,3
"536",5,6,6,5,6,5,4,4,6
"537",5,5,5,6,5,5,2,3,4
"538",5,5,5,6,5,7,5,4,4
"539",7,5,6,6,5,4,4,3,6
"540",5,6,6,4,4,6,3,3,5
"541",6,5,6,5,4,5,5,5,6
"542",6,6,5,6,7,6,6,5,7
"543",5,5,6,3,3,4,5,4,2
"544",4,2,4,3,5,5,5,3,4
"545",5,5,3,5,5,4,2,3,4
"546",5,4,3,4,3,3,4,4,4
"547",5,4,6,5,2,2,2,2,2
"548",4,4,4,4,4,4,3,3,3
"549",7,5,6,6,5,6,7,6,4
"550",NA,NA,NA,NA,NA,NA,NA,NA,NA
"551",4,4,4,3,4,4,5,6,4
"552",NA,NA,NA,NA,NA,NA,NA,NA,NA
"553",NA,NA,NA,NA,NA,NA,NA,NA,NA
"554",6,5,7,7,6,6,6,5,7
"555",NA,NA,NA,NA,NA,NA,NA,NA,NA
"556",NA,NA,NA,NA,NA,NA,NA,NA,NA
"557",5,5,5,7,7,3,1,1,3
"558",7,7,7,7,3,3,1,1,1
"559",5,5,5,4,4,4,3,3,3
"560",5,6,2,3,7,5,7,7,7
"561",4,2,2,5,1,6,1,1,7
"562",2,7,7,3,1,4,1,1,7
"563",3,4,4,5,4,4,6,1,4
"564",5,4,4,4,6,3,4,5,5
"565",7,5,4,4,3,5,4,3,7
"566",2,3,5,3,6,4,2,2,6
"567",5,5,7,4,5,6,7,7,7
"568",5,6,4,6,3,5,2,2,4
"569",6,7,5,4,4,4,2,4,3
"570",1,3,1,1,3,6,4,1,4
"571",4,5,6,4,6,7,6,6,5
"572",2,4,3,3,5,4,4,2,4
"573",7,7,7,7,7,7,2,2,3
"574",4,4,4,3,5,5,3,3,7
"575",5,3,2,4,2,2,5,3,2
"576",2,5,6,3,2,1,1,1,7
"577",5,5,5,5,6,4,6,6,5
"578",5,3,2,6,4,2,7,4,6
"579",2,4,4,5,4,5,3,3,4
"580",4,7,6,3,4,5,6,7,7
"581",4,2,4,5,3,6,2,3,6
"582",5,5,4,4,4,4,3,4,5
"583",7,7,6,6,5,4,2,1,2
"584",7,7,4,4,5,6,2,2,7
"585",3,4,4,3,4,3,5,4,5
"586",3,5,3,4,4,2,1,2,3
"587",5,6,5,4,4,4,2,2,3
"588",4,6,7,7,7,5,2,1,1
"589",4,4,6,4,5,6,2,3,2
"590",5,6,5,4,3,2,2,1,2
"591",5,4,5,4,6,4,6,5,5
"592",6,7,5,3,7,4,7,2,5
"593",5,4,4,3,1,1,1,1,2
"594",4,3,3,3,3,1,1,2,1
"595",4,4,5,3,3,4,5,3,5
"596",7,6,4,6,4,6,6,3,5
"597",5,4,4,6,3,4,3,3,5
"598",5,5,6,6,4,5,4,5,5
"599",5,5,6,5,7,6,5,6,6
"600",6,7,7,6,6,6,3,4,3
"601",5,6,4,5,5,3,3,6,6
"602",6,4,4,5,6,6,4,3,4
"603",4,3,6,5,6,3,3,4,6
"604",5,3,5,5,6,6,3,4,5
"605",7,6,7,7,6,6,4,3,4
"606",7,6,6,3,4,2,1,4,3
"607",5,5,5,4,4,5,3,4,6
"608",7,4,7,5,6,4,6,5,5
"609",4,6,2,2,3,5,2,2,4
"610",4,6,7,5,5,6,1,1,4
"611",6,5,6,6,5,7,3,3,5
"612",5,7,6,5,7,4,4,4,4
"613",5,5,5,3,5,4,6,5,6
"614",5,6,5,6,5,4,6,6,5
"615",5,7,6,7,6,6,2,1,6
"616",4,3,6,3,5,7,1,2,4
"617",7,4,5,4,5,4,5,6,6
"618",2,3,3,3,4,3,2,1,3
"619",5,5,5,6,5,5,4,4,5
"620",5,6,6,5,5,5,4,4,5
"621",4,4,4,4,4,4,4,4,6
"622",4,5,6,4,5,6,4,5,7
"623",4,3,6,6,3,5,4,7,4
"624",5,1,1,4,7,7,4,2,4
"625",6,4,7,1,4,1,7,7,5
"626",4,2,6,2,3,3,4,6,5
"627",4,6,7,6,6,7,3,4,2
"628",5,4,4,2,5,6,7,7,4
"629",5,5,6,6,5,6,2,3,5
"630",7,7,7,5,7,1,7,7,7
"631",4,6,6,5,5,6,5,4,5
"632",5,4,6,5,3,5,6,4,5
"633",6,5,6,4,5,4,6,7,5
"634",NA,NA,NA,NA,NA,NA,NA,NA,NA
"635",1,1,1,1,1,1,1,1,1
"636",6,5,6,5,7,4,5,4,4
"637",4,2,5,6,4,1,5,3,5
"638",4,6,5,6,5,6,3,3,4
"639",7,6,7,5,7,6,5,5,5
"640",6,5,6,5,4,7,5,5,6
"641",6,5,6,4,4,4,6,6,6
"642",4,4,2,3,3,5,2,1,4
"643",3,2,2,5,7,2,2,3,4
"644",7,7,1,7,7,7,1,1,7
"645",5,6,4,3,7,3,7,1,6
"646",7,4,6,3,5,7,1,1,6
"647",6,5,6,4,6,5,6,7,5
"648",4,3,2,2,3,3,2,6,4
"649",5,5,5,4,3,5,3,2,3
"650",7,7,7,7,7,6,6,2,7
"651",1,2,3,3,7,6,3,3,2
"652",5,4,5,4,6,7,5,3,7
"653",6,5,6,7,6,2,7,5,4
"654",5,4,3,5,6,6,4,3,6
"655",7,6,6,6,6,7,6,6,6
"656",4,7,7,6,5,5,7,5,7
"657",4,5,5,3,3,5,1,2,3
"658",3,6,4,4,3,5,6,6,2
"659",5,3,3,6,5,6,7,4,4
"660",5,6,7,6,2,7,3,2,6
"661",1,7,7,1,1,7,1,1,1
"662",1,1,1,1,3,2,7,1,1
"663",2,6,1,7,7,4,1,3,1
"664",4,3,7,6,2,5,7,6,7
"665",4,7,1,1,3,1,1,1,4
"666",5,4,4,6,4,5,6,5,5
"667",4,6,5,7,3,7,7,6,7
"668",4,5,6,3,4,6,7,6,5
"669",6,5,3,7,7,5,3,5,7
"670",4,5,4,4,4,4,4,4,5
"671",4,4,2,5,3,2,4,5,7
"672",7,7,5,6,4,2,6,1,7
"673",5,3,6,4,4,3,7,3,6
"674",3,3,2,2,5,4,5,3,3
"675",3,4,5,4,3,4,3,4,4
"676",5,4,4,5,4,4,5,4,5
"677",5,4,5,3,3,4,4,4,4
"678",4,5,5,5,4,5,4,5,6
"679",5,6,6,7,5,4,4,4,6
"680",5,3,4,6,6,2,7,6,7
"681",5,6,6,7,5,7,5,6,7
"682",4,4,3,6,3,2,7,4,5
"683",6,5,4,5,5,6,1,2,4
"684",4,7,4,6,4,5,3,3,4
"685",6,4,1,4,1,1,3,2,6
"686",5,5,4,5,6,5,7,3,6
"687",5,3,2,6,4,5,2,2,3
"688",4,4,6,5,7,1,7,7,5
"689",4,2,3,5,4,4,5,3,5
"690",3,4,4,5,5,4,6,5,3
"691",4,5,5,4,6,3,3,5,6
"692",4,6,2,3,2,4,2,1,3
"693",5,6,2,5,6,2,2,1,4
"694",4,2,5,4,7,6,7,2,7
"695",6,5,5,6,4,6,6,3,5
"696",5,3,4,5,6,6,7,5,7
"697",4,7,6,5,4,6,6,3,7
"698",5,6,4,7,5,3,4,3,3
"699",4,3,2,2,2,3,2,4,3
"700",5,6,4,7,4,6,1,3,5
"701",6,7,6,2,7,1,5,7,4
"702",7,7,5,3,7,5,1,7,1
"703",5,5,6,5,4,5,5,4,5
"704",6,7,7,5,7,5,7,7,6
"705",4,1,1,3,7,3,4,6,2
"706",6,4,6,7,5,3,7,6,5
"707",3,2,5,6,4,3,7,6,4
"708",5,5,5,7,2,6,7,7,5
"709",7,5,6,7,5,5,1,2,4
"710",4,4,3,5,6,4,4,5,7
"711",5,5,4,3,6,5,6,6,6
"712",6,5,7,7,5,6,5,5,7
"713",5,3,7,5,4,3,2,4,5
"714",5,3,3,2,4,3,7,7,3
"715",7,7,2,7,5,3,6,2,6
"716",4,2,1,1,2,3,1,2,2
"717",6,7,4,7,6,2,2,2,3
"718",4,6,5,7,4,2,6,1,7
"719",4,6,3,3,4,5,4,4,6
"720",6,7,6,7,7,6,6,7,6
"721",7,3,3,6,5,6,4,7,7
"722",5,4,6,3,6,5,6,5,6
"723",7,1,1,6,7,3,1,1,7
"724",3,4,5,3,5,6,7,7,1
"725",4,3,4,1,3,5,7,1,4
"726",5,7,6,5,7,7,6,5,7
"727",5,5,5,6,5,6,2,3,2
"728",3,3,4,6,7,7,7,4,6
"729",5,5,6,4,6,6,5,4,4
"730",5,6,2,5,7,2,6,3,1
"731",5,3,5,6,5,3,4,4,5
"732",3,5,7,3,2,6,3,3,7
"733",3,3,2,3,4,2,2,4,3
"734",4,4,3,2,5,3,2,3,5
"735",3,4,4,5,4,5,4,4,5
"736",4,4,5,3,5,4,2,3,5
"737",5,4,3,4,2,6,7,2,6
"738",6,7,5,7,7,6,7,5,7
"739",4,4,5,6,5,5,6,2,5
"740",4,6,7,6,6,4,4,6,7
"741",3,6,7,5,6,6,6,5,7
"742",7,5,7,7,6,7,5,6,5
"743",5,6,6,6,5,7,3,7,7
"744",6,4,5,7,3,2,4,1,1
"745",3,3,3,3,2,4,4,2,4
"746",7,7,5,7,7,1,4,1,5
"747",4,3,3,5,5,2,5,3,5
"748",6,4,4,7,6,5,7,3,4
"749",5,6,1,4,2,5,7,1,3
"750",5,4,6,5,5,3,1,1,2
"751",4,3,6,5,2,2,2,2,3
"752",5,6,7,7,6,7,3,1,7
"753",2,5,2,6,2,4,6,2,7
"754",6,5,7,5,6,5,3,4,4
"755",5,6,4,5,3,4,4,3,4
"756",5,7,6,5,5,6,1,3,4
"757",4,3,5,6,4,3,2,2,3
"758",4,3,3,5,4,3,2,3,5
"759",4,2,4,5,5,2,3,6,5
"760",5,3,1,4,5,5,2,1,3
"761",6,2,2,2,3,3,6,7,3
"762",5,5,5,4,5,4,7,6,3
"763",4,5,6,6,4,3,5,3,6
"764",5,3,3,4,4,3,4,2,4
"765",3,3,5,4,6,4,4,2,6
"766",6,5,6,4,5,6,3,3,4
"767",4,4,5,4,5,3,3,4,5
"768",7,5,6,4,3,6,4,3,6
"769",6,6,3,5,5,5,3,5,7
"770",3,2,3,6,5,4,2,1,2
"771",2,2,3,6,3,4,6,7,6
"772",6,7,6,6,5,4,1,1,5
"773",6,4,6,5,5,4,7,6,7
"774",5,6,5,6,6,6,5,4,5
"775",5,6,5,7,6,5,7,3,5
"776",6,5,1,5,6,7,4,1,1
"777",6,6,6,6,4,5,7,3,6
"778",6,5,6,6,7,6,4,4,6
"779",4,2,7,6,6,4,1,1,7
"780",4,3,3,5,5,3,3,2,2
"781",5,6,5,5,6,5,3,5,6
"782",3,3,4,5,5,4,5,2,6
"783",6,6,6,6,7,7,2,2,2
"784",5,5,5,4,6,5,4,5,4
"785",5,5,4,5,5,4,4,5,4
"786",6,5,7,5,6,4,5,4,5
"787",6,6,6,7,7,6,7,6,4
"788",5,6,3,6,5,5,7,5,6
"789",7,7,5,4,7,1,7,6,1
"790",6,4,6,6,5,4,6,3,5
"791",6,5,5,5,5,6,4,5,6
"792",5,5,5,6,6,5,4,5,5
"793",5,5,4,5,3,4,2,2,4
"794",2,3,5,2,3,4,6,2,6
"795",5,5,2,7,6,1,2,4,7
"796",6,3,2,7,7,7,7,3,6
"797",7,5,5,6,5,4,3,6,7
"798",3,3,3,2,4,3,2,3,3
"799",5,3,1,6,3,1,1,1,7
"800",5,7,6,6,3,5,6,4,5
"801",6,6,5,6,6,5,4,3,4
"802",5,5,4,6,6,5,5,5,6
"803",4,3,4,7,4,2,6,3,6
"804",6,7,4,3,5,3,2,4,2
"805",7,7,5,6,4,7,6,7,4
"806",7,6,6,7,5,6,2,2,4
"807",6,6,6,5,4,5,4,6,7
"808",4,3,4,6,3,5,2,4,5
"809",6,6,5,6,5,5,6,6,4
"810",6,6,6,7,7,7,6,6,6
"811",6,6,4,4,5,4,3,2,4
"812",7,6,7,5,7,5,4,7,6
"813",5,5,5,6,4,5,4,2,5
"814",5,5,4,4,5,5,3,3,4
"815",4,3,3,3,5,4,1,1,4
"816",7,6,6,7,6,4,3,4,7
"817",4,4,5,5,3,4,4,6,5
"818",5,4,4,3,4,3,5,4,5
"819",6,7,5,6,5,4,3,5,5
"820",4,4,3,5,6,6,4,3,7
"821",NA,NA,NA,NA,NA,NA,NA,NA,NA
"822",3,5,3,6,2,3,2,2,4
"823",7,6,6,7,7,6,7,7,7
"824",3,2,2,2,3,3,1,1,2
"825",7,5,7,3,6,6,2,4,6
"826",1,7,6,1,4,7,7,3,2
"827",6,7,6,7,6,7,6,7,7
"828",5,2,3,1,6,6,2,4,5
"829",4,6,5,3,1,7,4,3,5
"830",4,7,6,7,5,3,7,6,6
"831",5,4,5,6,5,3,6,4,7
"832",3,3,4,3,3,3,4,2,3
"833",3,6,7,7,6,6,2,1,2
"834",4,6,3,2,6,4,7,6,6
"835",6,4,3,4,2,5,5,2,5
"836",4,4,4,3,3,4,4,4,5
"837",4,4,4,7,6,1,6,7,7
"838",3,2,4,3,3,3,2,5,4
"839",5,4,5,5,3,4,5,4,5
"840",3,4,3,4,5,2,6,1,3
"841",6,4,6,7,5,5,4,2,5
"842",7,7,7,5,4,3,7,4,2
"843",5,5,4,3,4,3,6,5,7
"844",5,6,4,7,4,4,3,6,6
"845",5,4,3,4,5,4,5,4,5
"846",4,5,3,4,1,6,1,4,4
"847",4,2,7,6,7,7,5,6,6
"848",6,4,7,6,5,3,4,7,5
"849",6,4,7,6,5,3,4,7,5
"850",4,5,5,4,3,5,3,4,5
"851",5,5,6,5,6,4,5,5,7
"852",6,7,7,6,4,5,7,4,6
"853",5,4,6,5,3,4,6,3,4
"854",5,4,6,5,7,4,6,4,6
"855",4,5,4,5,3,4,4,5,7
"856",6,3,5,6,6,2,4,4,4
"857",5,3,5,2,2,7,6,5,7
"858",4,3,5,1,6,5,5,3,7
"859",5,5,6,6,4,3,5,6,7
"860",3,3,2,6,1,5,7,4,7
"861",3,4,7,3,6,7,7,5,6
"862",5,5,3,6,7,2,2,1,2
"863",2,5,6,7,5,1,1,4,7
"864",5,5,4,5,5,6,6,6,6
"865",5,4,6,3,4,7,5,4,6
"866",6,5,6,3,4,7,4,2,7
"867",4,4,3,3,4,4,2,3,4
"868",3,4,3,5,4,2,6,5,4
"869",5,6,6,6,6,6,5,5,6
"870",5,5,4,5,5,4,5,2,3
"871",2,2,2,3,3,3,3,3,4
"872",4,6,7,7,5,4,7,2,3
"873",5,6,7,6,5,7,4,5,4
"874",4,7,5,4,2,2,7,7,6
"875",6,7,7,7,2,5,4,3,6
"876",1,7,1,7,1,1,1,7,7
"877",4,5,5,6,6,6,6,5,6
"878",4,5,5,6,5,7,5,6,6
"879",5,3,5,6,5,1,5,2,5
"880",3,3,2,2,3,3,5,2,2
"881",6,7,7,7,6,6,3,5,5
"882",4,NA,NA,NA,NA,NA,NA,NA,NA
"883",6,5,6,4,5,3,2,1,4
"884",6,6,7,6,6,6,6,5,5
"885",5,3,4,6,5,3,4,2,5
"886",6,5,2,3,3,1,1,2,6
"887",7,6,6,7,6,5,7,6,6
"888",3,2,3,4,2,2,3,3,2
"889",5,5,6,5,6,4,4,3,4
"890",6,6,6,4,6,6,3,3,3
"891",6,7,6,6,6,6,5,6,7
"892",4,5,6,4,5,5,4,4,5
"893",6,6,7,5,7,6,2,3,5
"894",6,5,7,6,7,6,1,2,4
"895",2,6,6,4,4,5,2,4,4
"896",5,5,6,4,5,5,6,4,6
"897",5,5,5,3,4,4,5,3,5
"898",5,4,3,6,6,5,2,3,3
"899",4,3,4,5,5,5,4,2,2
"900",5,5,4,3,4,4,2,5,3
"901",4,4,3,5,4,5,3,2,3
"902",2,5,3,2,4,1,1,2,2
"903",6,1,5,3,2,1,7,7,1
"904",4,6,6,6,7,6,4,2,6
"905",5,6,6,6,6,6,5,4,6
"906",6,5,6,7,5,6,6,5,5
"907",6,5,7,7,7,7,5,5,6
"908",5,5,5,4,5,6,6,6,5
"909",7,6,6,7,6,6,5,5,6
"910",5,6,6,5,7,5,3,3,5
"911",6,4,6,2,5,7,5,2,6
"912",6,2,6,2,3,5,1,1,2
"913",6,7,7,6,5,4,2,5,7
"914",5,6,6,6,6,5,3,5,6
"915",3,3,5,3,4,4,2,3,2
"916",3,2,4,4,5,2,2,2,3
"917",4,3,3,5,4,4,2,1,1
"918",4,6,6,5,5,4,3,5,4
"919",5,6,6,2,4,7,1,6,4
"920",6,5,5,5,5,6,6,3,4
"921",3,6,4,4,4,4,4,4,4
"922",4,5,4,4,5,3,4,5,6
"923",4,3,3,5,2,3,2,5,4
"924",6,6,3,5,5,6,4,3,6
"925",6,4,4,3,5,5,5,5,5
"926",6,6,6,4,5,7,5,2,2
"927",5,5,5,5,5,4,6,5,6
"928",6,6,6,6,6,6,5,4,5
"929",6,6,6,6,6,6,4,3,5
"930",4,4,5,5,6,3,2,2,4
"931",5,5,4,6,5,6,6,5,6
"932",6,5,7,4,3,7,5,3,3
"933",6,4,4,4,4,5,3,3,5
"934",6,6,6,5,6,6,5,5,5
"935",5,5,4,6,4,5,6,3,4
"936",4,4,6,3,6,5,6,2,5
"937",3,2,3,1,3,5,1,1,3
"938",5,5,4,6,5,2,6,3,1
"939",5,5,4,2,3,4,3,2,2
"940",5,6,4,3,4,6,4,5,4
"941",7,4,4,6,4,6,5,6,2
"942",6,5,5,6,5,4,7,6,3
"943",5,5,3,4,5,2,2,1,2
"944",5,5,5,5,5,5,6,2,5
"945",5,6,6,7,4,6,5,4,5
"946",3,3,3,4,3,4,3,2,4
"947",7,7,6,5,7,7,5,5,5
"948",4,5,5,3,5,5,2,3,3
"949",4,4,5,4,3,3,3,2,4
"950",4,5,5,6,7,5,5,1,4
"951",4,5,5,7,6,7,3,2,6
"952",6,7,6,7,6,6,7,1,6
"953",5,4,6,6,2,7,4,2,7
"954",3,3,3,4,4,3,2,2,3
"955",6,5,6,7,5,6,3,3,3
"956",5,4,4,4,4,3,2,2,2
"957",5,5,6,4,5,4,4,5,4
"958",6,6,6,4,5,2,4,3,3
"959",5,4,5,6,5,5,4,4,4
"960",4,5,6,6,7,5,2,4,5
"961",5,5,5,5,6,4,3,2,3
"962",4,6,5,6,6,6,6,5,6
"963",6,6,5,6,6,5,6,5,6
"964",6,6,6,6,6,6,5,5,6
"965",7,7,7,7,7,1,6,1,7
"966",4,3,3,4,2,3,2,2,3
"967",4,5,6,4,6,6,3,5,4
"968",4,5,2,6,4,3,4,6,5
"969",4,5,7,6,6,5,5,5,7
"970",6,6,4,4,4,6,3,2,6
"971",4,4,3,6,7,6,1,2,4
"972",7,5,5,4,4,5,3,4,7
"973",6,7,5,7,7,6,7,6,7
"974",5,6,6,4,6,7,7,6,3
"975",6,6,4,3,4,7,6,5,6
"976",4,6,6,7,6,5,7,4,7
"977",5,6,7,7,6,7,7,6,6
"978",4,6,3,6,7,3,4,6,5
"979",7,3,4,7,2,5,7,3,6
"980",7,6,7,7,6,6,2,5,7
"981",7,7,5,7,6,7,7,2,6
"982",5,6,5,6,7,7,7,4,7
"983",3,2,1,5,7,4,1,2,1
"984",4,5,7,6,1,2,1,1,7
"985",7,7,7,7,7,7,7,7,7
"986",1,1,2,2,1,2,1,1,2
"987",3,3,4,4,3,4,4,5,6
"988",4,3,5,2,4,6,5,7,3
"989",3,5,4,6,7,1,7,5,6
"990",5,4,5,3,4,4,5,2,3
"991",5,7,6,7,4,7,4,3,7
"992",5,6,3,6,3,4,5,2,6
"993",3,5,6,6,4,3,2,2,4
"994",NA,NA,NA,NA,NA,NA,NA,NA,NA
"995",7,7,4,7,5,1,7,5,6
"996",3,3,5,4,4,4,4,5,3
"997",4,2,5,3,6,2,5,3,5
"998",5,4,7,7,7,7,6,7,6
"999",3,4,3,3,3,4,1,2,1
"1000",1,1,1,1,1,7,7,7,7
"1001",2,3,4,3,2,2,7,7,7
"1002",7,7,6,5,6,6,5,6,7
"1003",4,5,6,5,6,3,4,2,3
"1004",7,6,6,7,6,6,5,5,7
"1005",7,6,7,4,5,7,6,2,7
"1006",6,7,6,4,7,7,1,5,7
"1007",5,6,3,2,2,5,1,2,3
"1008",6,6,7,5,6,7,2,5,6
"1009",4,5,3,6,2,4,1,3,6
"1010",7,7,5,7,6,6,6,7,6
"1011",3,1,1,3,7,5,1,1,1
"1012",4,3,7,7,7,7,6,7,7
"1013",4,3,5,5,4,6,6,3,5
"1014",3,3,3,5,4,6,1,5,4
"1015",6,7,5,4,7,1,7,3,7
"1016",5,4,6,3,NA,NA,NA,NA,NA
"1017",7,5,4,6,7,7,3,2,3
"1018",4,2,4,5,4,6,6,2,6
"1019",7,3,6,6,7,7,1,1,5
"1020",2,3,4,1,1,2,2,1,2
"1021",NA,NA,NA,NA,NA,NA,NA,NA,NA
"1022",NA,NA,NA,NA,NA,NA,NA,NA,NA
"1023",4,3,6,6,7,2,3,3,4
"1024",3,3,4,6,3,4,2,1,7
"1025",4,4,5,4,5,5,3,5,5
"1026",2,2,2,3,1,1,4,2,1
"1027",7,6,7,NA,NA,NA,NA,NA,NA
"1028",7,5,3,6,7,2,1,3,5
"1029",6,6,6,6,7,6,7,6,6
"1030",3,2,1,5,2,2,6,3,2
"1031",5,4,6,3,2,2,5,2,5
"1032",4,3,6,4,3,7,1,5,5
"1033",7,7,7,4,7,7,6,7,6
"1034",4,3,6,6,7,7,2,3,7
"1035",7,3,5,6,4,5,3,7,5
"1036",5,5,7,6,4,4,7,3,7
"1037",3,3,6,3,5,6,1,2,3
"1038",6,4,1,7,6,1,7,1,7
"1039",6,2,5,5,4,4,2,2,3
"1040",4,4,4,4,3,3,3,2,2
"1041",7,7,7,6,6,5,6,5,4
"1042",4,6,7,2,5,4,7,7,7
"1043",6,5,4,4,5,5,6,4,3
"1044",7,7,7,5,7,7,7,7,7
"1045",6,5,5,4,4,3,2,1,7
"1046",7,4,5,4,3,5,3,3,2
"1047",6,7,5,5,6,5,7,5,5
"1048",7,5,3,1,3,6,1,1,3
"1049",6,4,4,4,6,5,7,6,3
"1050",5,4,5,5,5,5,4,4,6
"1051",6,5,5,6,4,2,1,1,3
"1052",6,6,6,6,6,4,5,3,5
"1053",5,4,6,7,7,4,2,1,3
"1054",5,3,3,6,5,3,6,2,6
"1055",5,4,7,5,4,7,7,7,6
"1056",4,6,7,5,5,5,4,5,5
"1057",4,5,4,3,6,4,3,3,5
"1058",7,6,6,5,5,6,6,5,7
"1059",4,2,5,4,3,4,1,1,2
"1060",7,4,3,7,7,6,7,6,7
"1061",3,2,4,2,5,6,4,4,3
"1062",6,6,6,7,6,4,6,2,4
"1063",7,6,6,6,7,1,7,6,6
"1064",2,4,3,4,3,3,2,2,2
"1065",5,2,4,2,4,1,1,1,2
"1066",4,4,6,3,6,5,4,2,3
"1067",3,3,3,5,4,2,5,5,4
"1068",4,7,4,3,7,3,4,2,5
"1069",4,5,5,3,7,3,7,5,7
"1070",6,6,7,4,6,5,7,3,7
"1071",6,6,6,6,5,6,5,5,6
"1072",5,5,6,7,6,6,7,6,6
"1073",4,5,6,5,6,4,6,3,4
"1074",6,5,6,7,7,6,7,5,6
"1075",5,4,4,5,4,4,3,2,4
"1076",5,4,4,4,5,4,5,5,5
"1077",4,4,5,5,4,4,5,3,5
"1078",4,4,5,6,4,4,5,4,4
"1079",7,7,7,5,6,6,4,3,5
"1080",4,5,5,6,6,6,7,6,7
"1081",3,2,4,3,2,5,7,7,4
"1082",6,4,5,6,7,5,6,6,5
"1083",4,3,5,3,4,6,6,6,4
